trip_id,destination_id,days,travelers,transport_cost,hotel_cost,food_cost,activity_cost,local_transport_cost,miscellaneous_cost,total_cost,budget_category
T001,D001,3,2,3000,3600,1800,1200,900,500,11000,Low
T002,D002,4,2,3500,4000,2200,1600,1000,700,13000,Low
T003,D003,3,2,2500,2700,1500,1050,750,500,9000,Low
T004,D004,4,3,4000,3200,2200,1800,900,700,12800,Medium
T005,D005,5,2,5000,5000,2750,2000,1250,800,16800,Medium
T006,D006,3,2,2800,2850,1500,1200,750,500,9600,Low
T007,D007,3,3,3000,2100,1800,900,600,500,8900,Low
T008,D008,5,2,4500,4750,2500,1800,1250,700,15500,Medium
T009,D009,6,2,7000,10800,4200,3600,2400,1200,29200,High
T010,D010,7,2,8000,9800,4200,4200,2800,1500,30500,High
T011,D011,3,2,3000,2700,1500,900,900,500,9500,Low
T012,D012,4,2,5000,6000,2800,1600,1600,800,17800,Medium
T013,D013,3,2,3000,2400,1350,900,750,500,8900,Low
T014,D014,2,2,2200,1500,800,600,500,300,5900,Low
T015,D015,3,2,2800,2100,1200,900,750,400,8150,Low
T016,D016,4,4,4500,3800,2200,1800,1200,700,14200,Medium
T017,D017,4,2,3500,3600,2000,1400,1000,600,12100,Medium
T018,D018,5,2,5000,5500,2750,2250,1500,800,17800,Medium
T019,D019,3,2,2500,1950,1200,1050,600,400,7700,Low
T020,D020,5,2,4500,4750,2500,1800,1250,700,15500,Medium
