destination_id,avg_daily_cost,rating,popularity,beach,mountains,heritage,adventure,nature,spiritual,city,culture,backwaters
D001,2500,4.6,95,1,0,0,0,0,0,0,0,0
D002,2200,4.5,92,0,1,0,0,0,0,0,0,0
D003,2000,4.5,90,0,0,1,0,0,0,0,0,0
D004,1800,4.4,88,0,0,0,1,0,0,0,0,0
D005,2300,4.6,87,0,0,0,0,1,0,0,0,0
D006,2100,4.6,85,0,0,1,0,0,0,0,0,0
D007,1600,4.4,86,0,0,0,0,0,1,0,0,0
D008,2100,4.4,84,0,1,0,0,0,0,0,0,0
D009,3500,4.7,82,1,0,0,0,0,0,0,0,0
D010,3000,4.7,80,0,0,0,1,0,0,0,0,0
D011,2000,4.3,94,0,0,0,0,0,0,1,0,0
D012,3000,4.4,93,0,0,0,0,0,0,1,0,0
D013,1800,4.3,82,0,0,0,0,0,0,0,1,0
D014,1700,4.4,91,0,0,1,0,0,0,0,0,0
D015,1700,4.5,83,0,0,1,0,0,0,0,0,0
D016,2200,4.5,79,0,0,0,0,1,0,0,0,0
D017,2000,4.4,81,0,0,0,0,1,0,0,0,0
D018,2400,4.5,77,0,0,0,0,0,0,0,0,1
D019,1600,4.4,76,0,0,0,0,0,1,0,0,0
D020,2100,4.5,80,0,1,0,0,0,0,0,0,0