destination_id,category,best_season,avg_daily_cost,rating,popularity,beach,mountains,heritage,adventure,nature,spiritual,city,culture,backwaters
D001,Beach,Nov-Feb,2500,4.6,95,1,0,0,0,0,0,0,0,0
D002,Mountains,Oct-Jun,2200,4.5,92,0,1,0,0,0,0,0,0,0
D003,Heritage,Oct-Mar,2000,4.5,90,0,0,1,0,0,0,0,0,0
D004,Adventure,Sep-Jun,1800,4.4,88,0,0,0,1,0,0,0,0,0
D005,Nature,Oct-May,2300,4.6,87,0,0,0,0,1,0,0,0,0
D006,Heritage,Oct-Mar,2100,4.6,85,0,0,1,0,0,0,0,0,0
D007,Spiritual,Oct-Mar,1600,4.4,86,0,0,0,0,0,1,0,0,0
D008,Mountains,Mar-Jun,2100,4.4,84,0,1,0,0,0,0,0,0,0
D009,Beach,Nov-May,3500,4.7,82,1,0,0,0,0,0,0,0,0
D010,Adventure,May-Sep,3000,4.7,80,0,0,0,1,0,0,0,0,0
D011,City,Oct-Mar,2000,4.3,94,0,0,0,0,0,0,1,0,0
D012,City,Oct-Feb,3000,4.4,93,0,0,0,0,0,0,1,0,0
D013,Culture,Oct-Mar,1800,4.3,82,0,0,0,0,0,0,0,1,0
D014,Heritage,Oct-Mar,1700,4.4,91,0,0,1,0,0,0,0,0,0
D015,Heritage,Oct-Mar,1700,4.5,83,0,0,1,0,0,0,0,0,0
D016,Nature,Oct-May,2200,4.5,79,0,0,0,0,1,0,0,0,0
D017,Nature,Oct-Jun,2000,4.4,81,0,0,0,0,1,0,0,0,0
D018,Backwaters,Nov-Feb,2400,4.5,77,0,0,0,0,0,0,0,0,1
D019,Spiritual,Oct-Mar,1600,4.4,76,0,0,0,0,0,1,0,0,0
D020,Mountains,Mar-May,2100,4.5,80,0,1,0,0,0,0,0,0,0