origin_city,destination_id,transport_mode,estimated_cost,estimated_duration_hours,distance_km

Delhi,D001,Train,1200,30,1900
Delhi,D002,Bus,900,12,540
Delhi,D003,Train,500,5,280
Delhi,D004,Bus,600,6,250
Delhi,D005,Train,1800,40,2700
Delhi,D006,Train,600,7,660
Delhi,D007,Train,400,8,820
Delhi,D008,Bus,700,8,350
Delhi,D009,Flight,6500,5,2400
Delhi,D010,Flight,8000,4,1000
Delhi,D011,Metro,100,1,20
Delhi,D012,Train,800,16,1400
Delhi,D013,Train,900,17,1500
Delhi,D014,Train,300,3,230
Delhi,D015,Train,500,6,450
Delhi,D016,Flight,4500,5,2100
Delhi,D017,Train,1000,20,2200
Delhi,D018,Train,1400,36,2600
Delhi,D019,Train,500,8,420
Delhi,D020,Train,1000,20,1500
